°Ë»ö¾î,°Ë»ö ³¯Â¥,´º½º °³¼ö
¹ö´×½ã,2019.01.10,0
¹ö´×½ã,2019.01.11,1
¹ö´×½ã,2019.01.12,0
¹ö´×½ã,2019.01.13,0
¹ö´×½ã,2019.01.14,0
¹ö´×½ã,2019.01.15,1
¹ö´×½ã,2019.01.16,0
¹ö´×½ã,2019.01.17,1
¹ö´×½ã,2019.01.18,0
¹ö´×½ã,2019.01.19,0
¹ö´×½ã,2019.01.20,0
¹ö´×½ã,2019.01.21,1
¹ö´×½ã,2019.01.22,2
¹ö´×½ã,2019.01.23,0
¹ö´×½ã,2019.01.24,2
¹ö´×½ã,2019.01.25,0
¹ö´×½ã,2019.01.26,0
¹ö´×½ã,2019.01.27,1
¹ö´×½ã,2019.01.28,4
¹ö´×½ã,2019.01.29,487
¹ö´×½ã,2019.01.30,1123
¹ö´×½ã,2019.01.31,303
¹ö´×½ã,2019.02.01,201
¹ö´×½ã,2019.02.02,106
¹ö´×½ã,2019.02.03,190
¹ö´×½ã,2019.02.04,99
¹ö´×½ã,2019.02.05,10
¹ö´×½ã,2019.02.06,10
¹ö´×½ã,2019.02.07,15
¹ö´×½ã,2019.02.08,182
¹ö´×½ã,2019.02.09,132
¹ö´×½ã,2019.02.10,25
¹ö´×½ã,2019.02.11,73
¹ö´×½ã,2019.02.12,133
¹ö´×½ã,2019.02.13,171
¹ö´×½ã,2019.02.14,347
¹ö´×½ã,2019.02.15,171
¹ö´×½ã,2019.02.16,199
¹ö´×½ã,2019.02.17,221
¹ö´×½ã,2019.02.18,297
¹ö´×½ã,2019.02.19,59
¹ö´×½ã,2019.02.20,17
¹ö´×½ã,2019.02.21,151
¹ö´×½ã,2019.02.22,278
¹ö´×½ã,2019.02.23,84
¹ö´×½ã,2019.02.24,124
¹ö´×½ã,2019.02.25,180
¹ö´×½ã,2019.02.26,526
¹ö´×½ã,2019.02.27,1117
¹ö´×½ã,2019.02.28,770
¹ö´×½ã,2019.03.01,74
¹ö´×½ã,2019.03.02,139
¹ö´×½ã,2019.03.03,64
¹ö´×½ã,2019.03.04,413
¹ö´×½ã,2019.03.05,251
¹ö´×½ã,2019.03.06,175
¹ö´×½ã,2019.03.07,196
¹ö´×½ã,2019.03.08,392
¹ö´×½ã,2019.03.09,139
¹ö´×½ã,2019.03.10,167
¹ö´×½ã,2019.03.11,586
¹ö´×½ã,2019.03.12,625
¹ö´×½ã,2019.03.13,938
¹ö´×½ã,2019.03.14,1614
¹ö´×½ã,2019.03.15,1176
¹ö´×½ã,2019.03.16,280
¹ö´×½ã,2019.03.17,382
¹ö´×½ã,2019.03.18,2004
¹ö´×½ã,2019.03.19,2137
¹ö´×½ã,2019.03.20,1187
¹ö´×½ã,2019.03.21,1292
¹ö´×½ã,2019.03.22,1386
¹ö´×½ã,2019.03.23,325
¹ö´×½ã,2019.03.24,747
¹ö´×½ã,2019.03.25,934
¹ö´×½ã,2019.03.26,437
¹ö´×½ã,2019.03.27,340
¹ö´×½ã,2019.03.28,534
¹ö´×½ã,2019.03.29,357
¹ö´×½ã,2019.03.30,95
¹ö´×½ã,2019.03.31,73
¹ö´×½ã,2019.04.01,262
¹ö´×½ã,2019.04.02,459
¹ö´×½ã,2019.04.03,328
¹ö´×½ã,2019.04.04,416
¹ö´×½ã,2019.04.05,161
¹ö´×½ã,2019.04.06,40
¹ö´×½ã,2019.04.07,72
¹ö´×½ã,2019.04.08,208
¹ö´×½ã,2019.04.09,190
¹ö´×½ã,2019.04.10,268
¹ö´×½ã,2019.04.11,317
¹ö´×½ã,2019.04.12,160
¹ö´×½ã,2019.04.13,48
¹ö´×½ã,2019.04.14,90
¹ö´×½ã,2019.04.15,130
¹ö´×½ã,2019.04.16,96
¹ö´×½ã,2019.04.17,135
¹ö´×½ã,2019.04.18,228
¹ö´×½ã,2019.04.19,331
¹ö´×½ã,2019.04.20,65
¹ö´×½ã,2019.04.21,40
¹ö´×½ã,2019.04.22,178
¹ö´×½ã,2019.04.23,185
¹ö´×½ã,2019.04.24,76
¹ö´×½ã,2019.04.25,143
¹ö´×½ã,2019.04.26,55
¹ö´×½ã,2019.04.27,27
¹ö´×½ã,2019.04.28,34
¹ö´×½ã,2019.04.29,122
¹ö´×½ã,2019.04.30,119
¹ö´×½ã,2019.05.01,36
¹ö´×½ã,2019.05.02,126
¹ö´×½ã,2019.05.03,305
¹ö´×½ã,2019.05.04,36
¹ö´×½ã,2019.05.05,593
¹ö´×½ã,2019.05.06,158
¹ö´×½ã,2019.05.07,117
¹ö´×½ã,2019.05.08,355
¹ö´×½ã,2019.05.09,298
¹ö´×½ã,2019.05.10,258
¹ö´×½ã,2019.05.11,33
¹ö´×½ã,2019.05.12,25
¹ö´×½ã,2019.05.13,90
¹ö´×½ã,2019.05.14,1011
¹ö´×½ã,2019.05.15,645
¹ö´×½ã,2019.05.16,278
¹ö´×½ã,2019.05.17,142
¹ö´×½ã,2019.05.18,34
¹ö´×½ã,2019.05.19,39
¹ö´×½ã,2019.05.20,95
¹ö´×½ã,2019.05.21,163
¹ö´×½ã,2019.05.22,52
¹ö´×½ã,2019.05.23,47
¹ö´×½ã,2019.05.24,39
¹ö´×½ã,2019.05.25,27
¹ö´×½ã,2019.05.26,11
¹ö´×½ã,2019.05.27,241
